{
  "bilstm": {
    "legitimate": {
      "total_samples": 20906,
      "bins": {
        "0.0-0.1": {
          "count": 10490,
          "percentage": 50.17698268439682
        },
        "0.1-0.2": {
          "count": 5032,
          "percentage": 24.069645077968048
        },
        "0.2-0.3": {
          "count": 2416,
          "percentage": 11.556490959533148
        },
        "0.3-0.4": {
          "count": 1224,
          "percentage": 5.854778532478714
        },
        "0.4-0.5": {
          "count": 614,
          "percentage": 2.9369558978283745
        },
        "0.5-0.6": {
          "count": 392,
          "percentage": 1.8750597914474314
        },
        "0.6-0.7": {
          "count": 238,
          "percentage": 1.1384291590930833
        },
        "0.7-0.8": {
          "count": 169,
          "percentage": 0.8083803692719793
        },
        "0.8-0.9": {
          "count": 130,
          "percentage": 0.621831053286138
        },
        "0.9-1.0": {
          "count": 201,
          "percentage": 0.9614464746962594
        }
      }
    },
    "malicious": {
      "total_samples": 20906,
      "bins": {
        "0.0-0.1": {
          "count": 755,
          "percentage": 3.6114034248541085
        },
        "0.1-0.2": {
          "count": 1194,
          "percentage": 5.711279058643451
        },
        "0.2-0.3": {
          "count": 1036,
          "percentage": 4.955515163111068
        },
        "0.3-0.4": {
          "count": 799,
          "percentage": 3.821869319812494
        },
        "0.4-0.5": {
          "count": 673,
          "percentage": 3.2191715297043912
        },
        "0.5-0.6": {
          "count": 585,
          "percentage": 2.7982397397876206
        },
        "0.6-0.7": {
          "count": 536,
          "percentage": 2.563857265856692
        },
        "0.7-0.8": {
          "count": 622,
          "percentage": 2.975222424184445
        },
        "0.8-0.9": {
          "count": 952,
          "percentage": 4.553716636372333
        },
        "0.9-1.0": {
          "count": 13754,
          "percentage": 65.7897254376734
        }
      }
    }
  },
  "transformer": {
    "legitimate": {
      "total_samples": 20906,
      "bins": {
        "0.0-0.1": {
          "count": 6581,
          "percentage": 31.479001243662108
        },
        "0.1-0.2": {
          "count": 6159,
          "percentage": 29.460441978379414
        },
        "0.2-0.3": {
          "count": 3476,
          "percentage": 16.626805701712428
        },
        "0.3-0.4": {
          "count": 1719,
          "percentage": 8.222519850760547
        },
        "0.4-0.5": {
          "count": 988,
          "percentage": 4.725916004974649
        },
        "0.5-0.6": {
          "count": 607,
          "percentage": 2.903472687266813
        },
        "0.6-0.7": {
          "count": 433,
          "percentage": 2.0711757390222902
        },
        "0.7-0.8": {
          "count": 323,
          "percentage": 1.5450110016263274
        },
        "0.8-0.9": {
          "count": 309,
          "percentage": 1.4780445805032048
        },
        "0.9-1.0": {
          "count": 311,
          "percentage": 1.4876112120922225
        }
      }
    },
    "malicious": {
      "total_samples": 20906,
      "bins": {
        "0.0-0.1": {
          "count": 477,
          "percentage": 2.2816416339806755
        },
        "0.1-0.2": {
          "count": 1358,
          "percentage": 6.4957428489428874
        },
        "0.2-0.3": {
          "count": 1307,
          "percentage": 6.251793743422941
        },
        "0.3-0.4": {
          "count": 977,
          "percentage": 4.673299531235052
        },
        "0.4-0.5": {
          "count": 788,
          "percentage": 3.769252846072898
        },
        "0.5-0.6": {
          "count": 604,
          "percentage": 2.889122739883287
        },
        "0.6-0.7": {
          "count": 644,
          "percentage": 3.0804553716636374
        },
        "0.7-0.8": {
          "count": 657,
          "percentage": 3.142638476992251
        },
        "0.8-0.9": {
          "count": 990,
          "percentage": 4.735482636563666
        },
        "0.9-1.0": {
          "count": 13104,
          "percentage": 62.6805701712427
        }
      }
    }
  },
  "cnn": {
    "legitimate": {
      "total_samples": 20906,
      "bins": {
        "0.0-0.1": {
          "count": 6661,
          "percentage": 31.861666507222807
        },
        "0.1-0.2": {
          "count": 7337,
          "percentage": 35.09518798431072
        },
        "0.2-0.3": {
          "count": 3926,
          "percentage": 18.779297809241367
        },
        "0.3-0.4": {
          "count": 1402,
          "percentage": 6.706208743901272
        },
        "0.4-0.5": {
          "count": 681,
          "percentage": 3.257438056060461
        },
        "0.5-0.6": {
          "count": 348,
          "percentage": 1.664593896489046
        },
        "0.6-0.7": {
          "count": 231,
          "percentage": 1.104945948531522
        },
        "0.7-0.8": {
          "count": 157,
          "percentage": 0.7509805797378744
        },
        "0.8-0.9": {
          "count": 96,
          "percentage": 0.45919831627284036
        },
        "0.9-1.0": {
          "count": 67,
          "percentage": 0.3204821582320865
        }
      }
    },
    "malicious": {
      "total_samples": 20906,
      "bins": {
        "0.0-0.1": {
          "count": 207,
          "percentage": 0.9901463694633119
        },
        "0.1-0.2": {
          "count": 1098,
          "percentage": 5.2520807423706115
        },
        "0.2-0.3": {
          "count": 1342,
          "percentage": 6.4192097962307475
        },
        "0.3-0.4": {
          "count": 954,
          "percentage": 4.563283267961351
        },
        "0.4-0.5": {
          "count": 774,
          "percentage": 3.7022864249497753
        },
        "0.5-0.6": {
          "count": 751,
          "percentage": 3.592270161676074
        },
        "0.6-0.7": {
          "count": 769,
          "percentage": 3.6783698459772314
        },
        "0.7-0.8": {
          "count": 902,
          "percentage": 4.314550846646895
        },
        "0.8-0.9": {
          "count": 1328,
          "percentage": 6.352243375107625
        },
        "0.9-1.0": {
          "count": 12781,
          "percentage": 61.135559169616386
        }
      }
    }
  },
  "cnn_lstm": {
    "legitimate": {
      "total_samples": 20906,
      "bins": {
        "0.0-0.1": {
          "count": 10271,
          "percentage": 49.129436525399406
        },
        "0.1-0.2": {
          "count": 4815,
          "percentage": 23.031665550559648
        },
        "0.2-0.3": {
          "count": 2310,
          "percentage": 11.04945948531522
        },
        "0.3-0.4": {
          "count": 1211,
          "percentage": 5.792595427150101
        },
        "0.4-0.5": {
          "count": 719,
          "percentage": 3.439204056251794
        },
        "0.5-0.6": {
          "count": 450,
          "percentage": 2.152492107528939
        },
        "0.6-0.7": {
          "count": 366,
          "percentage": 1.7506935807902038
        },
        "0.7-0.8": {
          "count": 272,
          "percentage": 1.301061896106381
        },
        "0.8-0.9": {
          "count": 235,
          "percentage": 1.124079211709557
        },
        "0.9-1.0": {
          "count": 257,
          "percentage": 1.2293121591887497
        }
      }
    },
    "malicious": {
      "total_samples": 20906,
      "bins": {
        "0.0-0.1": {
          "count": 670,
          "percentage": 3.2048215823208643
        },
        "0.1-0.2": {
          "count": 1116,
          "percentage": 5.3381804266717685
        },
        "0.2-0.3": {
          "count": 875,
          "percentage": 4.185401320195159
        },
        "0.3-0.4": {
          "count": 732,