{
  "version": 2025102307,
  "model": "dummy_model_20251023_014648.hdf5",
  "vocabulary": {
    "char_list": [
      " ",
      ",",
      "-",
      ".",
      "0",
      "1",
      "2",
      "3",
      "4",
      "5",
      "6",
      "7",
      "8",
      "9",
      ":",
      "A",
      "B",
      "C",
      "D",
      "E",
      "F",
      "G",
      "H",
      "I",
      "J",
      "K",
      "L",
      "M",
      "N",
      "O",
      "P",
      "Q",
      "R",
      "S",
      "T",
      "U",
      "V",
      "W",
      "X",
      "Y",
      "Z",
      "_",
      "a",
      "b",
      "c",
      "d",
      "e",
      "f",
      "g",
      "h",
      "i",
      "j",
      "k",
      "l",
      "m",
      "n",
      "o",
      "p",
      "q",
      "r",
      "s",
      "t",
      "u",
      "v",
      "w",
      "x",
      "y",
      "z"
    ],
    "max_length": 128,
    "vocab_size": 69
  },
  "training": {
    "epochs_run": 17,
    "final_train_acc": 0.9370468854904175,
    "final_val_acc": 0.8807439804077148,
    "final_train_loss": 0.1631670743227005,
    "final_val_loss": 0.33418798446655273,
    "best_val_loss": 0.3085061013698578
  },
  "test_metrics": {
    "accuracy": 0.868626231703817,
    "precision": 0.9346832872694455,
    "recall": 0.7926432603080455,
    "f1_score": 0.857823217290022
  },
  "created_at": "2025-10-23T07:07:40.810155"
}