{
  "model_name": "xgboost",
  "model_path": "output/xgboost/xgboost_model_20251023_181450.pkl",
  "timestamp": "20251023_181450",
  "training_date": "2025-10-23T18:14:50.870031",
  "training_time_seconds": 3.384509325027466,
  "test_metrics": {
    "accuracy": 0.7462211805223381,
    "precision": 0.8051817157763681,
    "recall": 0.6496221180522338,
    "f1_score": 0.7190850607576841,
    "roc_auc": 0.8340877595813687
  },
  "confusion_matrix": [
    [
      17620,
      3286
    ],
    [
      7325,
      13581
    ]
  ],
  "training_history": {
    "train": {
      "logloss": [
        0.6659308579435645,
        0.6436581914304212,
        0.6245691259509714,
        0.6104800528529963,
        0.5960755909742592,
        0.5837088789747523,
        0.573420394573272,
        0.5643106119894933,
        0.5569271807295723,
        0.5505134390673072,
        0.5439335909778489,
        0.5383688217866568,
        0.5331149497554932,
        0.528824241807027,
        0.5248910897486363,
        0.5216496616455504,
        0.5184849483637262,
        0.5158864431964783,
        0.5134296460231947,
        0.5108187147180132,
        0.5086026021736595,
        0.5062631381792262,
        0.5041322643397539,
        0.5022848625784938,
        0.5006143792875335,
        0.4984458043112532,
        0.49693111609285084,
        0.49517240228886494,
        0.49381187036315194,
        0.49216979568585123,
        0.49122811501121116,
        0.4897537869077841,
        0.4886245692092763,
        0.4877618649650545,
        0.4862789056364066,
        0.48548174889659423,
        0.4843975327703581,
        0.4834672863590631,
        0.4827172161308291,
        0.48219708445849896,
        0.4813413175529016,
        0.48073199913388537,
        0.4800960594645188,
        0.4794785756320502,
        0.4786787039894206,
        0.4781781568398953,
        0.4773767874707867,
        0.4768704798811833,
        0.4761213102644269,
        0.47545039847612397,
        0.47486274507553344,
        0.4744929183128379,
        0.4740643736954413,
        0.4732190956287077,
        0.47242587275570996,
        0.4720523972227711,
        0.47161799173659935,
        0.47113566728065537,
        0.47015917004115054,
        0.4693693518320444,
        0.46913944843201555,
        0.4683965683269306,
        0.4680442314007572,
        0.46736517066090405,
        0.4664679924155138,
        0.46565690678109006,
        0.4653815819539884,
        0.46476818272772785,
        0.4645362243819654,
        0.46372250021421885,
        0.46336780619021484,
        0.4628817635196201,
        0.4624554808674397,
        0.4621580107222725,
        0.4618228928102272,
        0.4612029681766305,
        0.4607895972065913,
        0.4604948293871672,
        0.46033888445979754,
        0.46009932546932264,
        0.45991687791612385,
        0.4594948482460865,
        0.45921716334525353,
        0.45896797266721734,
        0.4585065256522081,
        0.45828979882051185,
        0.45798419988771605,
        0.45758339876736526,
        0.45729398258874737,
        0.4569788915496162,
        0.4567053232438837,
        0.45644716136818214,
        0.45625474684052414,
        0.4559364090127577,
        0.4557347440692911,
        0.4555485761853453,
        0.4552655443211922,
        0.45508482820865237,
        0.4548498170835287,
        0.45460810869450835
      ]
    },
    "validation": {
      "logloss": [
        0.666997374739688,
        0.6461476960155651,
        0.6286583088364226,
        0.6120321049708639,
        0.5995733209175711,
        0.5893141640812168,
        0.5809419125164731,
        0.5725600564671627,
        0.5642459457879451,
        0.5568527939644441,
        0.5521164512763718,
        0.5477874156756952,
        0.5434702937668966,
        0.5409504669023819,
        0.5377431134615327,
        0.5346455672676413,
        0.5317165642842386,
        0.5298387923256902,
        0.5277465770624816,
        0.5272738939351582,
        0.5256601124584611,
        0.5228738270128885,
        0.5200751361794387,
        0.5194891387259838,
        0.5180768074643719,
        0.516143833402719,
        0.514293640624036,
        0.513921404373912,
        0.5122428693725074,
        0.5113942628967129,
        0.5105875779991725,
        0.5098118136109075,
        0.5084265487006674,
        0.5074810498824869,
        0.5060573038995706,
        0.505590392967054,
        0.5046050434989098,
        0.5038034338795561,
        0.5031344001275003,
        0.5026542841933129,
        0.5016872364108793,
        0.5012392905676796,
        0.5006429393156493,
        0.5001094761870024,
        0.49953521136535656,
        0.4992058203194331,
        0.4987873093728787,
        0.4982900735313354,
        0.4977500323027113,
        0.497270989479978,
        0.49689647928086145,
        0.4967450605045432,
        0.49655012056352354,
        0.4961178619067559,
        0.49546182307302333,
        0.49529669629108586,
        0.4953033925976107,
        0.49502189098507055,
        0.4943400460251599,
        0.49381921472773127,
        0.4936611179858466,
        0.4932859208585147,
        0.4927895940591047,
        0.4922779320081418,
        0.4916930891735689,
        0.49108506908795047,
        0.49089181638425916,
        0.49065968132895843,
        0.49061860495480625,
        0.49020166464349596,
        0.4899672122205649,
        0.4898714739167865,
        0.48920159386185663,
        0.48902075413924057,
        0.48888472500638036,
        0.4887967294251904,
        0.4886012495265419,
        0.48852400355143294,
        0.4884272948976106,
        0.4883046604357331,
        0.4882034655319992,
        0.4880420031524363,
        0.4879609254897973,
        0.4877939626269557,
        0.48759287834933107,
        0.4874063871666943,
        0.48732522200428025,
        0.4871452240455854,
        0.48703101029422646,
        0.48697131798274096,
        0.4867136340558678,
        0.486624910942733,
        0.4864390007987397,
        0.4863621268475087,
        0.48645266979599217,
        0.486344892894008,
        0.48619384627552925,
        0.4861117274547376,
        0.48602589835944005,
        0.4859927659426693
      ]
    }
  },
  "feature_importance": {
    "f0": 1179.0,
    "f1": 845.0,
    "f2": 634.0,
    "f3": 605.0,
    "f4": 185.0,
    "f5": 335.0,
    "f6": 689.0,
    "f7": 298.0,
    "f8": 55.0,
    "f9": 332.0,
    "f10": 226.0,
    "f11": 89.0,
    "f12": 67.0,
    "f13": 2.0,
    "f14": 933.0,
    "f15": 597.0,
    "f16": 555.0,
    "f17": 1152.0,
    "f18": 976.0,
    "f19": 728.0,
    "f20": 265.0
  },
  "model_parameters": {
    "objective": "binary:logistic",
    "eval_metric": "logloss",
    "max_depth": 7,
    "learning_rate": 0.1,
    "subsample": 0.8,
    "colsample_bytree": 0.8,
    "min_child_weight": 1,
    "gamma": 0,
    "reg_alpha": 0,
    "reg_lambda": 1.0,
    "tree_method": "hist",
    "early_stopping_rounds": 8
  }
}